Wisconsin,Minnesota,Tennessee,New York,Maryland,Illinois,Connecticut,Maine,North Carolina,Texas,California,Pennsylvania,Massachusetts,Michigan,Delaware,District of Columbia,Virginia,New Jersey,Idaho,Colorado,South Carolina,Ohio,Missouri,Alabama,New Hampshire,Washington,West Virginia,Arizona,Oregon,Vermont,Indiana,Florida,Georgia,Kentucky,Rhode Island,Louisiana,,,,,,,
Tennessee,Illinois,New York,California,Connecticut,Kentucky,Massachusetts,Washington,Indiana,Pennsylvania,Colorado,Virginia,West Virginia,Ohio,Florida,New Hampshire,South Carolina,Alabama,New Jersey,Rhode Island,New Mexico,Montana,Vermont,Idaho,Minnesota,Iowa,Wisconsin,Alaska,Georgia,Texas,Wyoming,Oregon,Michigan,North Carolina,Nevada,Maryland,Missouri,Arizona,,,,,
Massachusetts,California,Pennsylvania,Colorado,New York,New Jersey,Tennessee,Illinois,North Carolina,Florida,Indiana,Texas,Ohio,Connecticut,Minnesota,Georgia,Vermont,Rhode Island,West Virginia,Wisconsin,Alabama,New Hampshire,South Carolina,Iowa,Idaho,Virginia,Washington,Michigan,Oregon,Nevada,Maine,Maryland,Missouri,South Dakota,Kentucky,Arizona,Kansas,,,,,,
Illinois,Florida,Indiana,Massachusetts,Utah,South Carolina,New York,Tennessee,Nebraska,California,Colorado,Connecticut,Maine,New Jersey,Idaho,Missouri,Washington,North Carolina,Oregon,Michigan,New Hampshire,Minnesota,Montana,Pennsylvania,Ohio,West Virginia,Georgia,Nevada,Texas,Rhode Island,Virginia,Arizona,Wisconsin,Alabama,Vermont,Mississippi,Iowa,,,,,,
Florida,Indiana,Virginia,Ohio,Washington,New Jersey,California,New Hampshire,Massachusetts,Idaho,Illinois,Minnesota,Texas,New York,Rhode Island,Connecticut,Pennsylvania,Missouri,Kentucky,Tennessee,Michigan,Maryland,Wisconsin,North Carolina,Louisiana,South Dakota,Georgia,West Virginia,Alabama,Nevada,Nebraska,Colorado,Hawaii,Arizona,Oregon,Vermont,Iowa,South Carolina,,,,,
Connecticut,Illinois,Minnesota,Missouri,Virginia,California,Tennessee,New York,Massachusetts,Maryland,Wisconsin,New Hampshire,Vermont,Indiana,Colorado,Ohio,New Jersey,Florida,Washington,North Carolina,Nevada,Maine,Pennsylvania,Rhode Island,Texas,Georgia,Mississippi,Idaho,Louisiana,South Carolina,West Virginia,District of Columbia,Iowa,Michigan,Oregon,Arkansas,,,,,,,
Connecticut,Illinois,Ohio,Tennessee,New York,Massachusetts,Virginia,California,Michigan,New Jersey,Colorado,Minnesota,Texas,Florida,Pennsylvania,New Hampshire,Rhode Island,Nevada,Wisconsin,Maryland,South Carolina,Indiana,Idaho,Washington,North Carolina,Nebraska,Georgia,South Dakota,Oklahoma,Alabama,Arizona,Vermont,New Mexico,Maine,District of Columbia,Iowa,Utah,,,,,,
Colorado,Indiana,Maine,Wisconsin,Pennsylvania,California,New Hampshire,New York,Vermont,New Jersey,Virginia,Massachusetts,Connecticut,Rhode Island,Michigan,Illinois,Minnesota,Oregon,Washington,Florida,Nevada,Texas,Iowa,North Carolina,Nebraska,Missouri,District of Columbia,Ohio,South Carolina,West Virginia,Georgia,Arizona,Utah,Kentucky,Tennessee,Delaware,,,,,,,
Minnesota,Missouri,Rhode Island,Alabama,Massachusetts,Indiana,California,Maine,Iowa,Ohio,Illinois,Texas,New Jersey,Connecticut,Vermont,District of Columbia,New York,Pennsylvania,Georgia,Florida,Virginia,Tennessee,North Carolina,West Virginia,Wisconsin,Nevada,Maryland,Michigan,Montana,Oregon,Utah,Colorado,New Hampshire,Washington,Wyoming,South Carolina,New Mexico,South Dakota,,,,,
New Jersey,Massachusetts,Delaware,Minnesota,California,Nebraska,New Hampshire,Iowa,Washington,Pennsylvania,Virginia,Ohio,North Carolina,Rhode Island,Arizona,Texas,Maine,Missouri,Illinois,Georgia,Vermont,Maryland,Idaho,Colorado,Indiana,Tennessee,Nevada,New Mexico,Alabama,South Dakota,Florida,New York,Louisiana,Oklahoma,Michigan,South Carolina,Connecticut,Kentucky,Wisconsin,Oregon,Mississippi,,
Missouri,California,New York,Arkansas,Iowa,Texas,New Hampshire,Rhode Island,Alabama,Minnesota,Wisconsin,Florida,Ohio,Michigan,Kentucky,Massachusetts,Pennsylvania,Vermont,District of Columbia,Maine,Indiana,Colorado,Illinois,Virginia,Delaware,Idaho,New Jersey,Connecticut,North Carolina,Washington,Nevada,South Carolina,Arizona,Maryland,New Mexico,Utah,Oregon,Georgia,,,,,
Massachusetts,Ohio,Illinois,Minnesota,California,Pennsylvania,New York,Colorado,New Jersey,Maryland,Georgia,Alabama,Missouri,North Carolina,Tennessee,Connecticut,Indiana,Washington,South Carolina,Michigan,Texas,Virginia,Rhode Island,Vermont,South Dakota,Arizona,Nevada,Wisconsin,New Hampshire,Florida,Oregon,Kentucky,New Mexico,Arkansas,Nebraska,Iowa,,,,,,,
Ohio,Indiana,Michigan,Pennsylvania,Wisconsin,California,Massachusetts,Illinois,Virginia,Vermont,New York,Minnesota,Tennessee,Texas,Florida,Arizona,South Dakota,New Jersey,Georgia,New Hampshire,Rhode Island,North Carolina,Missouri,Alabama,Maine,Mississippi,West Virginia,South Carolina,Kentucky,Colorado,Nevada,Iowa,Idaho,Washington,Connecticut,District of Columbia,Nebraska,,,,,,
Minnesota,Wisconsin,California,West Virginia,Virginia,North Carolina,Massachusetts,Pennsylvania,Washington,Colorado,New York,Connecticut,Tennessee,District of Columbia,Ohio,Indiana,Illinois,Oregon,Nebraska,Rhode Island,Florida,Nevada,Iowa,Georgia,Missouri,Maryland,Kentucky,South Carolina,New Jersey,New Mexico,Vermont,Michigan,Maine,Texas,New Hampshire,Alaska,Oklahoma,South Dakota,Idaho,Alabama,Montana,Louisiana,
Illinois,Indiana,New York,Massachusetts,California,New Jersey,Alabama,Minnesota,Nevada,Colorado,Pennsylvania,Rhode Island,Vermont,Washington,North Carolina,Virginia,Maryland,Michigan,Florida,Missouri,Connecticut,Ohio,Texas,Iowa,Idaho,Georgia,Louisiana,South Carolina,Tennessee,District of Columbia,Kentucky,Hawaii,New Hampshire,Wisconsin,,,,,,,,,
Georgia,Massachusetts,West Virginia,Illinois,Pennsylvania,Connecticut,Ohio,Florida,Texas,California,New York,South Carolina,New Jersey,Iowa,Vermont,Virginia,North Carolina,Idaho,Indiana,Michigan,New Hampshire,Missouri,Alabama,Delaware,Minnesota,Rhode Island,New Mexico,Tennessee,Maryland,Wisconsin,South Dakota,Alabama,Oregon,District of Columbia,Colorado,Kentucky,Nebraska,Mississippi,,,,,
Colorado,Missouri,Massachusetts,Illinois,New Jersey,Washington,South Carolina,Texas,Minnesota,New Mexico,Pennsylvania,Virginia,California,Rhode Island,New Hampshire,Georgia,New York,West Virginia,Ohio,Florida,Wisconsin,Iowa,Connecticut,Arizona,Michigan,Maine,Oregon,Indiana,Alaska,Tennessee,District of Columbia,West Virginia,Maryland,Idaho,North Carolina,Oklahoma,Vermont,Mississippi,Nevada,,,,
Massachusetts,Oregon,Maryland,Illinois,Connecticut,Ohio,Iowa,Pennsylvania,Florida,California,New York,Minnesota,Vermont,North Carolina,Michigan,Indiana,Nevada,Idaho,Virginia,Washington,Delaware,Wisconsin,Georgia,New Jersey,Arizona,Texas,Tennessee,Utah,New Hampshire,District of Columbia,Tennessee,South Carolina,Oklahoma,Colorado,Nebraska,Missouri,Mississippi,Wyoming,Arkansas,New Mexico,Rhode Island,Maine,
Rhode Island,California,Illinois,Florida,Massachusetts,Kentucky,New York,Connecticut,Wisconsin,Indiana,Michigan,Minnesota,Ohio,Washington,Virginia,Missouri,New Jersey,New Hampshire,Nevada,Colorado,District of Columbia,New Mexico,Pennsylvania,North Carolina,Texas,Vermont,Iowa,Alaska,Alabama,Maine,Kansas,Wyoming,Georgia,Idaho,Maryland,Arizona,South Carolina,South Dakota,Oregon,Arkansas,Nebraska,Louisiana,
Massachusetts,Rhode Island,New York,Georgia,California,Illinois,New Jersey,Washington,Arkansas,Indiana,Pennsylvania,Michigan,Delaware,Iowa,South Dakota,Connecticut,Colorado,Florida,Ohio,Alabama,Wisconsin,Idaho,Texas,Minnesota,Virginia,Tennessee,New Hampshire,Oregon,North Carolina,Arizona,Oregon,Vermont,South Carolina,Kentucky,Maine,West Virginia,Maryland,Nevada,New Mexico,Utah,,,
Maryland,Massachusetts,Florida,Illinois,Virginia,New York,Tennessee,Washington,Minnesota,Michigan,West Virginia,Indiana,District of Columbia,California,South Dakota,Pennsylvania,Georgia,Ohio,Wisconsin,South Carolina,New Hampshire,Vermont,New Mexico,Arizona,New Jersey,Iowa,Idaho,Connecticut,Texas,Colorado,Georgia,North Carolina,Missouri,Alabama,Maine,Nevada,Rhode Island,Kentucky,,,,,
Wisconsin,Vermont,Illinois,Colorado,California,Minnesota,Tennessee,Missouri,North Carolina,New York,New Jersey,Massachusetts,Iowa,Virginia,Texas,Ohio,Nebraska,Florida,Michigan,Indiana,New Hampshire,Pennsylvania,Kentucky,Rhode Island,District of Columbia,Connecticut,West Virginia,Alabama,Idaho,Delaware,South Carolina,Nevada,Oklahoma,Maryland,Washington,Arizona,Oregon,Maine,South Dakota,Kansas,Alaska,,
Tennessee,Michigan,New York,California,Massachusetts,New Jersey,Maine,Illinois,Indiana,Texas,Connecticut,Idaho,New Hampshire,Ohio,Missouri,Pennsylvania,Florida,Minnesota,Nevada,Vermont,Iowa,Colorado,Wisconsin,Virginia,Utah,Georgia,Washington,West Virginia,Rhode Island,Arizona,Oregon,North Carolina,Oregon,Kentucky,Mississippi,Maryland,,,,,,,
Massachusetts,Minnesota,New York,Illinois,Utah,Ohio,New Hampshire,North Carolina,Virginia,New Jersey,California,Maine,Rhode Island,Wisconsin,Pennsylvania,South Carolina,Texas,Florida,Connecticut,Alabama,Missouri,Colorado,Tennessee,Michigan,Idaho,Georgia,West Virginia,Iowa,Maryland,Louisiana,Alabama,Washington,Vermont,Nebraska,Arizona,Indiana,,,,,,,
Illinois,Pennsylvania,Washington,Connecticut,California,New York,Massachusetts,Nebraska,Texas,Rhode Island,North Carolina,Ohio,Virginia,New Jersey,Minnesota,Nevada,Florida,Montana,Maryland,Indiana,Tennessee,Michigan,Mississippi,Maine,Vermont,Idaho,South Carolina,Missouri,Wisconsin,Arizona,South Carolina,Colorado,Georgia,South Dakota,District of Columbia,Iowa,,,,,,,
Florida,California,Indiana,Massachusetts,Virginia,New York,Illinois,Ohio,Idaho,Wisconsin,Michigan,Pennsylvania,Connecticut,New Hampshire,Colorado,Texas,Vermont,Minnesota,Oregon,Montana,Georgia,Rhode Island,Nevada,New Jersey,Maine,Tennessee,Maryland,Alabama,North Carolina,Louisiana,Idaho,Washington,Iowa,Oklahoma,Utah,Arizona,Missouri,Delaware,,,,,
Connecticut,Florida,Virginia,Ohio,New York,South Carolina,Minnesota,New Hampshire,Massachusetts,Illinois,Pennsylvania,Washington,Michigan,New Jersey,Missouri,Alabama,Oregon,Maine,California,Tennessee,Iowa,Wisconsin,Indiana,Nebraska,Texas,Colorado,Rhode Island,Georgia,North Carolina,West Virginia,Arkansas,Vermont,New Mexico,Maryland,Arkansas,Nevada,Kentucky,,,,,,
Connecticut,Indiana,Minnesota,Missouri,Maine,New Jersey,Texas,Massachusetts,New York,Illinois,Colorado,California,Wisconsin,Pennsylvania,Rhode Island,Florida,Vermont,Maryland,Washington,Tennessee,Nevada,Georgia,South Carolina,North Carolina,Michigan,New Hampshire,Ohio,District of Columbia,South Dakota,Virginia,South Carolina,West Virginia,Oregon,Hawaii,Mississippi,Kentucky,,,,,,,
Colorado,Illinois,Ohio,Tennessee,Massachusetts,California,New Hampshire,Rhode Island,Connecticut,Vermont,Indiana,New York,North Carolina,New Jersey,Minnesota,District of Columbia,Virginia,Missouri,Pennsylvania,Maryland,Wisconsin,Delaware,Florida,Washington,Iowa,Oregon,Texas,Louisiana,Idaho,Michigan,Wyoming,Oklahoma,Nevada,Alabama,Kentucky,Maine,Georgia,,,,,,
Minnesota,Illinois,Maine,Wisconsin,California,New Hampshire,New York,Iowa,Nevada,Florida,Connecticut,Massachusetts,Virginia,New Jersey,Washington,Arizona,Indiana,Colorado,Georgia,Texas,Ohio,South Carolina,Pennsylvania,District of Columbia,Missouri,Michigan,Vermont,Tennessee,Oklahoma,West Virginia,Wisconsin,Oregon,Rhode Island,Idaho,New Mexico,Alabama,Maryland,North Carolina,Nebraska,,,,
New Jersey,Indiana,Rhode Island,Alabama,California,Pennsylvania,North Carolina,Illinois,Massachusetts,Iowa,Colorado,Kentucky,Minnesota,Connecticut,Vermont,District of Columbia,Maine,Maryland,Florida,Georgia,Tennessee,New Hampshire,Texas,Virginia,Ohio,Michigan,New York,Oregon,Nevada,Missouri,Colorado,South Carolina,Washington,Idaho,Nebraska,West Virginia,Montana,,,,,,
Missouri,Delaware,Minnesota,California,Indiana,Massachusetts,Illinois,Nebraska,New York,New Jersey,Vermont,Georgia,Washington,Ohio,Pennsylvania,Alabama,Florida,North Carolina,West Virginia,Kentucky,Maryland,Texas,Iowa,Michigan,Montana,Rhode Island,Idaho,Arizona,Wisconsin,New Hampshire,Louisiana,Nevada,Connecticut,District of Columbia,Virginia,South Carolina,,,,,,,
Ohio,California,Illinois,Minnesota,Virginia,Iowa,Washington,New Jersey,Connecticut,New York,Vermont,Indiana,Pennsylvania,Maine,Massachusetts,Rhode Island,Colorado,Maryland,Arizona,South Carolina,Florida,Missouri,Michigan,New Hampshire,Georgia,Nevada,Alabama,Idaho,North Carolina,Texas,Arizona,District of Columbia,New Mexico,Oregon,,,,,,,,,
Minnesota,Ohio,Michigan,California,Massachusetts,Texas,Virginia,Washington,Colorado,North Carolina,New York,Pennsylvania,Iowa,Maryland,Vermont,Connecticut,Florida,Oregon,South Dakota,Illinois,Wisconsin,Missouri,Tennessee,New Jersey,Idaho,Maine,Rhode Island,New Mexico,Alabama,West Virginia,Mississippi,Indiana,South Carolina,Georgia,District of Columbia,Delaware,,,,,,,
Illinois,Indiana,California,West Virginia,Massachusetts,Wisconsin,South Carolina,Ohio,Pennsylvania,Minnesota,Florida,Tennessee,New Jersey,Rhode Island,Vermont,Connecticut,Nevada,Texas,Michigan,Missouri,Idaho,Iowa,Arizona,North Carolina,Washington,Alabama,New York,Virginia,New Mexico,District of Columbia,New Hampshire,Hawaii,New Hampshire,Maryland,Colorado,Georgia,South Dakota,Oklahoma,Nebraska,Arkansas,Kentucky,Maine,
Georgia,Wisconsin,New York,Massachusetts,New Jersey,Virginia,Connecticut,Ohio,Florida,Michigan,California,Minnesota,Hawaii,Pennsylvania,Indiana,Vermont,Illinois,Delaware,Colorado,Rhode Island,Oregon,Texas,Iowa,Tennessee,Maryland,Washington,Kentucky,Missouri,Oklahoma,Nebraska,Tennessee,Alabama,Arizona,North Carolina,South Carolina,,,,,,,,
Colorado,Indiana,West Virginia,Illinois,California,New York,Massachusetts,New Mexico,Pennsylvania,New Jersey,Connecticut,Minnesota,Vermont,Rhode Island,Michigan,Ohio,Virginia,Nevada,Florida,Washington,District of Columbia,Texas,Arizona,Missouri,Maine,Maryland,North Carolina,Iowa,Wisconsin,South Carolina,Wisconsin,Idaho,Alabama,Georgia,Wyoming,Oklahoma,South Dakota,Oregon,,,,,
Massachusetts,Illinois,New Jersey,Rhode Island,Minnesota,Iowa,Pennsylvania,California,Michigan,Connecticut,Florida,Ohio,Virginia,Georgia,Tennessee,Idaho,Oregon,Indiana,Texas,New York,Arizona,Alaska,Missouri,Maine,Vermont,Kentucky,Colorado,North Carolina,Maryland,West Virginia,Kansas,South Carolina,Alabama,New Hampshire,Oklahoma,Washington,Arkansas,Nebraska,Mississippi,Louisiana,,,
Rhode Island,Missouri,Oregon,Maryland,California,Washington,New York,Michigan,Illinois,Wisconsin,Massachusetts,Pennsylvania,New Hampshire,Iowa,West Virginia,South Carolina,Florida,Virginia,Connecticut,Texas,New Jersey,Ohio,Nevada,Alabama,Georgia,Vermont,Tennessee,North Carolina,Idaho,Minnesota,Nebraska,Indiana,Arkansas,Colorado,Mississippi,New Mexico,Arizona,District of Columbia,,,,,
Massachusetts,Illinois,Florida,Missouri,New Hampshire,California,Arkansas,Texas,New York,Pennsylvania,Michigan,Indiana,Colorado,North Carolina,Kentucky,Virginia,New Jersey,Iowa,Washington,Maine,Georgia,Ohio,South Dakota,Rhode Island,Alabama,Vermont,Tennessee,Nevada,Arizona,Alaska,Kentucky,South Carolina,District of Columbia,Wisconsin,Connecticut,Minnesota,Maryland,Idaho,,,,,
Maryland,California,New York,Georgia,Massachusetts,Illinois,South Carolina,Virginia,Washington,Iowa,Minnesota,Louisiana,Missouri,Utah,Wisconsin,Ohio,Colorado,North Carolina,New Mexico,Indiana,Pennsylvania,Tennessee,Michigan,New Hampshire,New Jersey,Florida,Nevada,Oregon,Rhode Island,District of Columbia,Texas,Connecticut,Texas,Vermont,Mississippi,Maine,,,,,,,
Colorado,Rhode Island,Florida,Illinois,New Jersey,Massachusetts,New Hampshire,New York,California,Delaware,Tennessee,Pennsylvania,South Dakota,Minnesota,Iowa,North Carolina,Virginia,Idaho,Indiana,Arizona,Connecticut,Alabama,Michigan,South Carolina,Vermont,Ohio,Oregon,Wisconsin,District of Columbia,Utah,Texas,Washington,Georgia,Missouri,New Mexico,Maine,Nebraska,Maryland,,,,,
Vermont,Massachusetts,Illinois,Colorado,Michigan,Virginia,Pennsylvania,Missouri,New York,Indiana,Iowa,North Carolina,Florida,Alabama,South Dakota,Maryland,Ohio,Rhode Island,New Hampshire,Wisconsin,Kentucky,Georgia,New Jersey,Maine,California,Arizona,Minnesota,Nevada,Idaho,Connecticut,Oregon,Tennessee,Washington,Montana,Oregon,Delaware,West Virginia,South Carolina,,,,,
California,Vermont,New York,Ohio,Virginia,Minnesota,Indiana,Massachusetts,Illinois,Michigan,North Carolina,New Jersey,Florida,Pennsylvania,Nebraska,New Hampshire,Tennessee,Texas,District of Columbia,Wisconsin,Washington,Connecticut,Colorado,Rhode Island,Kentucky,Alabama,South Carolina,New Mexico,Arkansas,Iowa,Arizona,Georgia,West Virginia,Oklahoma,Idaho,Delaware,,,,,,,
Florida,Michigan,Ohio,Massachusetts,South Carolina,California,Connecticut,Illinois,Indiana,North Carolina,New Hampshire,Colorado,Oregon,Nevada,New York,Iowa,Arkansas,Alabama,Texas,Tennessee,Washington,New Jersey,Rhode Island,Minnesota,Pennsylvania,Louisiana,Wisconsin,Oklahoma,Vermont,Virginia,Maryland,West Virginia,Idaho,Missouri,Kentucky,Maryland,,,,,,,
Georgia,Illinois,Massachusetts,Vermont,New Hampshire,Oregon,District of Columbia,Pennsylvania,Ohio,New York,Kentucky,California,Minnesota,Missouri,Maine,Colorado,North Carolina,Idaho,Virginia,Iowa,Tennessee,Connecticut,Texas,Washington,Indiana,Nebraska,Michigan,Florida,New Jersey,Wisconsin,Wisconsin,Rhode Island,Alabama,South Carolina,West Virginia,Wyoming,,,,,,,
Georgia,Illinois,Vermont,Missouri,Pennsylvania,Idaho,Connecticut,Iowa,Arkansas,Washington,Rhode Island,Florida,New Jersey,Texas,Massachusetts,South Carolina,Arizona,Colorado,California,Indiana,Tennessee,Ohio,New York,Oregon,Minnesota,North Carolina,Maine,Virginia,District of Columbia,Nevada,Arizona,West Virginia,Mississippi,Michigan,Kansas,New Hampshire,Maryland,New Mexico,,,,,
West Virginia,Illinois,California,Florida,Ohio,North Carolina,Connecticut,New York,Indiana,Colorado,Tennessee,Vermont,New Jersey,Pennsylvania,South Carolina,Massachusetts,Virginia,Maryland,Minnesota,Rhode Island,Mississippi,Nebraska,Idaho,Iowa,Oregon,New Mexico,Michigan,Wisconsin,Wyoming,Texas,Arizona,Washington,Kentucky,Georgia,Alabama,Arkansas,North Dakota,,,,,,
Ohio,Illinois,Vermont,Rhode Island,Michigan,Massachusetts,Connecticut,New York,Pennsylvania,Florida,Georgia,California,Tennessee,Maine,Iowa,Texas,Maryland,Missouri,New Jersey,Virginia,New Hampshire,Colorado,Alabama,Indiana,Washington,South Carolina,Wisconsin,District of Columbia,North Carolina,Minnesota,Georgia,Oklahoma,Oregon,New Mexico,Wyoming,Mississippi,Louisiana,,,,,,
Pennsylvania,Massachusetts,Illinois,Ohio,Connecticut,Iowa,California,Washington,Oregon,New Jersey,New York,Nebraska,Wisconsin,Michigan,Oklahoma,Indiana,Virginia,Minnesota,Texas,Nevada,New Hampshire,North Carolina,Missouri,Maryland,South Carolina,South Dakota,Colorado,Alabama,Rhode Island,Mississippi,Kentucky,Vermont,Tennessee,Maine,Kentucky,,,,,,,,
Massachusetts,North Carolina,Florida,Maryland,Minnesota,California,Illinois,Wisconsin,Tennessee,Connecticut,Colorado,New Hampshire,Washington,Rhode Island,New York,Oregon,Indiana,Michigan,Virginia,Georgia,Nevada,Ohio,Pennsylvania,Vermont,Iowa,New Jersey,District of Columbia,Texas,South Carolina,Idaho,Montana,Arizona,Missouri,,,,,,,,,,
Vermont,Indiana,Missouri,Illinois,Minnesota,Massachusetts,Rhode Island,Iowa,New York,Florida,California,New Hampshire,Michigan,Washington,Georgia,Pennsylvania,New Jersey,Virginia,Ohio,Alaska,Connecticut,Colorado,Kentucky,Arizona,New Mexico,Nebraska,District of Columbia,North Carolina,Maryland,Mississippi,Arkansas,Wyoming,Oregon,Alabama,Wisconsin,Tennessee,Nevada,Delaware,Maine,Texas,Arkansas,South Carolina,Louisiana
Illinois,Indiana,California,Minnesota,New York,Ohio,Massachusetts,Texas,Connecticut,Pennsylvania,Maryland,Vermont,Maine,Florida,New Jersey,Wisconsin,Michigan,Nebraska,Missouri,District of Columbia,Alaska,Rhode Island,South Dakota,Oregon,Georgia,West Virginia,Nevada,Washington,Colorado,New Mexico,West Virginia,Iowa,Oklahoma,Kentucky,North Carolina,Virginia,Louisiana,South Carolina,,,,,
Illinois,Arizona,Rhode Island,Maryland,Florida,New York,Massachusetts,Iowa,Washington,District of Columbia,Missouri,Wisconsin,Indiana,Louisiana,North Carolina,New Jersey,Kentucky,Ohio,Connecticut,California,Virginia,Pennsylvania,Tennessee,Texas,New Hampshire,Alabama,Minnesota,Colorado,Oregon,South Dakota,New Hampshire,Michigan,Nevada,Vermont,Idaho,Nebraska,Mississippi,,,,,,
Florida,South Carolina,New York,California,Minnesota,Tennessee,Massachusetts,New Jersey,Georgia,Iowa,Virginia,Michigan,Maryland,Kentucky,Pennsylvania,New Mexico,Idaho,Ohio,Oregon,Vermont,Illinois,Alabama,Texas,Maine,West Virginia,Wisconsin,Missouri,Hawaii,North Carolina,Mississippi,Minnesota,Rhode Island,Connecticut,Washington,District of Columbia,,,,,,,,
Oregon,California,Texas,Missouri,Vermont,Massachusetts,Michigan,New Mexico,Iowa,Pennsylvania,South Carolina,Tennessee,Rhode Island,Delaware,Illinois,Washington,Connecticut,Alabama,New York,Colorado,Georgia,Maryland,Ohio,North Carolina,Florida,Nevada,New Hampshire,Wisconsin,Indiana,New Jersey,Tennessee,Arizona,West Virginia,Virginia,North Dakota,Maine,,,,,,,
Missouri,Illinois,Minnesota,California,Maryland,Massachusetts,Connecticut,Michigan,New York,Pennsylvania,New Jersey,Colorado,Rhode Island,Indiana,Oklahoma,New Hampshire,Iowa,Vermont,Arkansas,Ohio,Maine,Georgia,North Carolina,Kentucky,Virginia,Oregon,Wisconsin,Florida,Idaho,Montana,North Dakota,West Virginia,Texas,Arizona,Nebraska,Nevada,District of Columbia,New Mexico,Washington,,,,
North Carolina,Illinois,Michigan,California,Tennessee,New Jersey,Alabama,Connecticut,Massachusetts,Pennsylvania,Georgia,Ohio,New York,Kentucky,New Hampshire,Colorado,Vermont,Wisconsin,Virginia,District of Columbia,Minnesota,Missouri,Washington,Florida,New Mexico,Nebraska,Texas,Indiana,Arizona,Rhode Island,Maine,Maryland,Oregon,Arkansas,,,,,,,,,
Illinois,Florida,Iowa,New York,Missouri,New Jersey,Georgia,Massachusetts,Indiana,Alabama,California,Pennsylvania,Ohio,New Hampshire,Texas,Tennessee,Oregon,Virginia,Oklahoma,South Carolina,New Mexico,Nebraska,Michigan,Wisconsin,Connecticut,North Carolina,Washington,Minnesota,Vermont,Kentucky,Texas,Rhode Island,Alaska,,,,,,,,,,
New Jersey,Iowa,Massachusetts,Illinois,Pennsylvania,North Carolina,Colorado,Connecticut,California,Ohio,Florida,New York,Maine,South Carolina,Kentucky,Michigan,Rhode Island,Virginia,Mississippi,New Hampshire,Vermont,Nevada,Kansas,Maryland,Missouri,Indiana,Georgia,Arizona,Wisconsin,Minnesota,District of Columbia,Oregon,Louisiana,New Mexico,Washington,,,,,,,,
New York,Illinois,Nebraska,Missouri,Kentucky,Massachusetts,Connecticut,Minnesota,New Jersey,California,Washington,Delaware,Michigan,Virginia,Pennsylvania,Rhode Island,Alabama,Colorado,Ohio,Idaho,Texas,Vermont,North Carolina,New Hampshire,Florida,Oregon,Wisconsin,Maryland,Georgia,Mississippi,Oregon,Tennessee,Indiana,South Carolina,Nevada,,,,,,,,
Illinois,Missouri,Florida,Georgia,Massachusetts,Pennsylvania,Washington,Indiana,Utah,New York,Vermont,New Hampshire,California,Connecticut,Tennessee,Arizona,Minnesota,Maine,Virginia,Colorado,Wyoming,Alaska,Rhode Island,Ohio,North Carolina,New Jersey,Idaho,Texas,Maryland,South Carolina,West Virginia,Nebraska,Wisconsin,North Dakota,Delaware,Louisiana,Kentucky,Montana,,,,,
Illinois,Florida,Texas,Massachusetts,Missouri,Connecticut,New Jersey,New York,Virginia,Pennsylvania,Vermont,Arkansas,Montana,Oregon,Nebraska,Michigan,Indiana,California,New Hampshire,Iowa,North Carolina,Minnesota,Ohio,Delaware,Georgia,Colorado,Maryland,Oklahoma,District of Columbia,New Mexico,Missouri,Nevada,Washington,Kentucky,Wisconsin,Rhode Island,South Carolina,Tennessee,Maine,,,,
California,Texas,Florida,Vermont,Pennsylvania,Virginia,Colorado,Ohio,New York,New Hampshire,Illinois,Wisconsin,Massachusetts,Nebraska,Indiana,Minnesota,Georgia,South Carolina,Arizona,Idaho,Tennessee,New Jersey,Connecticut,Kentucky,North Carolina,Washington,Michigan,Iowa,Oregon,Rhode Island,New Mexico,Maine,Louisiana,Alabama,,,,,,,,,
Ohio,California,District of Columbia,Missouri,Rhode Island,Iowa,New York,Florida,Illinois,New Jersey,Indiana,Massachusetts,Texas,Michigan,South Carolina,Pennsylvania,Kentucky,Vermont,Minnesota,Maine,Alabama,Tennessee,Connecticut,North Carolina,Virginia,Colorado,Nebraska,Georgia,Washington,Oregon,Arizona,Mississippi,Maryland,Nevada,,,,,,,,,
Massachusetts,Michigan,Pennsylvania,Missouri,New York,Ohio,Iowa,Illinois,New Jersey,Alabama,New Hampshire,Colorado,Nebraska,Connecticut,California,Vermont,Maryland,Louisiana,South Carolina,Virginia,Wisconsin,Oregon,West Virginia,Washington,Minnesota,Florida,North Carolina,Tennessee,Indiana,Rhode Island,Arizona,Kentucky,Texas,Georgia,Maine,,,,,,,,
Massachusetts,Michigan,Pennsylvania,Missouri,New York,Ohio,Iowa,Illinois,New Jersey,Alabama,New Hampshire,Colorado,Nebraska,Connecticut,California,Vermont,Maryland,Louisiana,South Carolina,Virginia,Wisconsin,Oregon,West Virginia,Washington,Minnesota,Florida,North Carolina,Tennessee,Indiana,Rhode Island,Georgia,Kentucky,Texas,Georgia,Maine,,,,,,,,
Florida,New Hampshire,Massachusetts,Missouri,New York,Texas,Pennsylvania,Alabama,Tennessee,Michigan,Minnesota,Nevada,California,North Carolina,Mississippi,Illinois,Kentucky,Nebraska,New Jersey,West Virginia,Virginia,Indiana,Connecticut,Washington,Iowa,South Carolina,Vermont,Wisconsin,Delaware,Colorado,West Virginia,Maryland,Idaho,Ohio,Louisiana,New Mexico,,,,,,,
Wisconsin,Indiana,Nevada,Illinois,New Jersey,Connecticut,Nebraska,Ohio,Florida,Massachusetts,New York,Kentucky,Texas,Virginia,Tennessee,California,Michigan,District of Columbia,Pennsylvania,New Hampshire,Minnesota,Oregon,North Carolina,Arizona,Maryland,Colorado,Iowa,Oklahoma,Rhode Island,Washington,South Carolina,Georgia,Vermont,,,,,,,,,,
Nebraska,Ohio,Iowa,Kentucky,Michigan,New York,Illinois,District of Columbia,Connecticut,Tennessee,New Hampshire,New Jersey,Wisconsin,California,Maryland,Massachusetts,Florida,Maine,Texas,Georgia,Colorado,Missouri,Oregon,Vermont,Minnesota,West Virginia,North Carolina,Arizona,Pennsylvania,Indiana,Maryland,North Dakota,Rhode Island,Idaho,Washington,Virginia,Mississippi,,,,,,
Iowa,Illinois,Florida,New Jersey,Massachusetts,Georgia,Connecticut,Washington,New York,Pennsylvania,District of Columbia,Texas,California,Rhode Island,Virginia,Missouri,Maine,Minnesota,Michigan,Colorado,Nebraska,Vermont,Indiana,New Hampshire,North Carolina,Ohio,New Mexico,Idaho,Alabama,Arizona,Washington,,,,,,,,,,,,
Minnesota,Wyoming,New York,Illinois,Pennsylvania,Colorado,California,Virginia,Connecticut,Indiana,New Hampshire,Florida,Maine,Massachusetts,Ohio,Michigan,Arizona,New Jersey,Oregon,Iowa,Mississippi,Georgia,South Carolina,Texas,Tennessee,North Carolina,Rhode Island,Alabama,Vermont,Missouri,Maryland,,,,,,,,,,,,
Iowa,Massachusetts,Illinois,Missouri,Indiana,Colorado,California,Michigan,Texas,New Jersey,Connecticut,New York,Alabama,New Hampshire,Ohio,Oregon,Pennsylvania,Vermont,Kentucky,Idaho,Florida,New Mexico,Maine,Alaska,Arizona,North Carolina,Wisconsin,Nevada,Georgia,Tennessee,Minnesota,Washington,Kansas,,,,,,,,,,
Florida,California,Massachusetts,Illinois,Kentucky,Minnesota,Ohio,Maine,New York,Michigan,Colorado,South Carolina,Washington,Connecticut,New Jersey,Wisconsin,Texas,Iowa,Virginia,Pennsylvania,Indiana,New Hampshire,Oregon,Maryland,Missouri,North Carolina,Idaho,Oklahoma,Alabama,Georgia,Arkansas,,,,,,,,,,,,
New Jersey,California,Pennsylvania,Kentucky,Massachusetts,New York,Missouri,Illinois,Michigan,Ohio,Connecticut,North Carolina,Virginia,Mississippi,Texas,Iowa,Idaho,Maryland,Colorado,New Hampshire,Wisconsin,Minnesota,Florida,District of Columbia,Delaware,Washington,Tennessee,Rhode Island,Georgia,Nevada,North Carolina,Louisiana,Oregon,Hawaii,South Carolina,,,,,,,,
Minnesota,Nevada,Illinois,Massachusetts,Iowa,New York,California,New Hampshire,Idaho,Maryland,Florida,South Dakota,New Jersey,Tennessee,Virginia,Pennsylvania,Connecticut,New Mexico,Vermont,Maine,Texas,Indiana,Michigan,Ohio,Washington,Alabama,Nebraska,Arizona,Wisconsin,Georgia,Oregon,Missouri,Alaska,,,,,,,,,,
Massachusetts,District of Columbia,Illinois,Rhode Island,Iowa,Minnesota,Connecticut,New Jersey,Ohio,Wisconsin,Georgia,Arizona,Missouri,North Carolina,Nebraska,Michigan,California,Kentucky,New York,Maine,New Hampshire,Florida,Colorado,Oklahoma,Indiana,Virginia,Pennsylvania,South Carolina,Texas,Tennessee,Hawaii,Vermont,,,,,,,,,,,
Massachusetts,Connecticut,California,Pennsylvania,New York,Texas,Illinois,Ohio,Minnesota,Virginia,Arizona,Oregon,Iowa,Colorado,Georgia,Washington,Alabama,Maryland,South Carolina,New Mexico,Rhode Island,Nevada,New Jersey,Vermont,Nebraska,Florida,North Carolina,Oklahoma,Wisconsin,Missouri,Louisiana,Kentucky,Maine,,,,,,,,,,
Wisconsin,Illinois,Vermont,New York,Missouri,California,Massachusetts,Minnesota,Connecticut,Michigan,Arizona,New Hampshire,Ohio,Pennsylvania,New Jersey,New Mexico,Oregon,Indiana,Georgia,Virginia,Texas,Florida,Tennessee,Colorado,Delaware,South Dakota,Kentucky,Iowa,District of Columbia,North Carolina,Tennessee,,,,,,,,,,,,
Minnesota,New Jersey,Michigan,Illinois,New York,Massachusetts,Kentucky,Vermont,California,Pennsylvania,Colorado,Ohio,Mississippi,Connecticut,Maryland,Georgia,District of Columbia,Oklahoma,Wisconsin,Virginia,Washington,Texas,Missouri,New Mexico,Florida,Delaware,New Hampshire,Oregon,North Carolina,Indiana,Mississippi,Nebraska,Maine,,,,,,,,,,
Arizona,Florida,Ohio,New York,Illinois,Virginia,California,Massachusetts,New Hampshire,Colorado,Hawaii,South Carolina,Indiana,Wisconsin,Rhode Island,Pennsylvania,New Mexico,Oregon,Connecticut,New Jersey,Vermont,Texas,North Carolina,Michigan,Georgia,Washington,Alaska,Maine,Louisiana,Maryland,Maine,Kentucky,,,,,,,,,,,
Wisconsin,Florida,Illinois,Nebraska,Massachusetts,Indiana,Iowa,Colorado,Virginia,New York,California,Vermont,Ohio,North Carolina,Missouri,Pennsylvania,Texas,New Hampshire,Connecticut,Tennessee,Michigan,Kentucky,New Jersey,Maryland,Minnesota,Delaware,Washington,Oregon,Georgia,District of Columbia,Tennessee,,,,,,,,,,,,
Iowa,Alabama,Kentucky,California,Maryland,Ohio,New Jersey,Massachusetts,New York,New Hampshire,Virginia,Pennsylvania,Connecticut,Illinois,Michigan,Texas,North Carolina,Minnesota,Missouri,New Mexico,Georgia,Colorado,Delaware,Indiana,Washington,Vermont,Rhode Island,Florida,Kansas,Oregon,Virginia,Idaho,Maine,,,,,,,,,,
Minnesota,Nebraska,South Carolina,Florida,Maine,Illinois,Massachusetts,Delaware,Colorado,New York,District of Columbia,Washington,California,Michigan,Alabama,Pennsylvania,Maryland,Texas,New Jersey,Missouri,Arizona,Indiana,Connecticut,Rhode Island,Ohio,Iowa,Idaho,North Carolina,Vermont,West Virginia,Georgia,Tennessee,Mississippi,New Mexico,Oregon,,,,,,,,
Iowa,Massachusetts,Virginia,Minnesota,Ohio,New York,New Jersey,Illinois,California,Connecticut,Missouri,Pennsylvania,New Hampshire,Indiana,Florida,Vermont,Colorado,Michigan,North Carolina,Nevada,District of Columbia,Texas,Wyoming,Kentucky,Wisconsin,Washington,Nebraska,Georgia,Maine,Vermont,,,,,,,,,,,,,
Louisiana,New York,Illinois,Kentucky,Maryland,Pennsylvania,Florida,Connecticut,Georgia,Massachusetts,California,Indiana,Ohio,North Dakota,Michigan,Virginia,Tennessee,New Jersey,Iowa,District of Columbia,Texas,South Carolina,Oregon,Wisconsin,North Carolina,Oklahoma,Minnesota,New Hampshire,Rhode Island,New Mexico,West Virginia,Nebraska,Washington,Nevada,Arizona,,,,,,,,
Michigan,Massachusetts,New York,Kansas,California,New Mexico,Wisconsin,Connecticut,Missouri,Tennessee,Washington,Illinois,New Hampshire,Pennsylvania,Florida,Virginia,Arizona,North Carolina,Idaho,Maine,Indiana,Colorado,New Jersey,Minnesota,Ohio,Oregon,Kentucky,Georgia,Rhode Island,Maryland,,,,,,,,,,,,,
Wisconsin,Texas,Massachusetts,Pennsylvania,North Carolina,New Jersey,Florida,California,Alabama,Indiana,New York,Tennessee,Illinois,Washington,New Hampshire,Ohio,District of Columbia,Rhode Island,Michigan,Oregon,Missouri,Virginia,Minnesota,Iowa,Maryland,Georgia,Vermont,Mississippi,Louisiana,Kansas,South Carolina,,,,,,,,,,,,
New York,New Jersey,Massachusetts,Illinois,Colorado,Minnesota,Connecticut,Ohio,California,Alabama,Virginia,Pennsylvania,Michigan,Maine,Indiana,Florida,Iowa,Delaware,District of Columbia,Idaho,Texas,Rhode Island,North Carolina,Washington,Missouri,Kentucky,Kansas,Wisconsin,Arizona,Georgia,Maine,Louisiana,Oregon,Montana,,,,,,,,,
Florida,Ohio,Illinois,New York,Michigan,New Hampshire,Rhode Island,California,Wisconsin,Pennsylvania,North Carolina,Colorado,Arizona,Iowa,New Jersey,Massachusetts,South Dakota,Maryland,Kentucky,North Dakota,Alabama,Nebraska,Louisiana,Minnesota,Vermont,Georgia,Washington,Virginia,Tennessee,Nevada,Texas,,,,,,,,,,,,
Texas,Pennsylvania,Florida,New York,Massachusetts,District of Columbia,Illinois,Oregon,Virginia,New Hampshire,Indiana,New Jersey,Rhode Island,North Carolina,California,Maine,Maryland,Nevada,Ohio,Michigan,Arizona,Washington,Iowa,Minnesota,Colorado,Georgia,South Carolina,,,,,,,,,,,,,,,,
Pennsylvania,Iowa,North Dakota,Wisconsin,New Hampshire,Massachusetts,Connecticut,North Carolina,Texas,New Jersey,New York,Rhode Island,Missouri,California,Illinois,South Carolina,Minnesota,New Mexico,Nebraska,Vermont,Indiana,Florida,Oregon,District of Columbia,Virginia,Colorado,Washington,Maryland,,,,,,,,,,,,,,,
Iowa,Illinois,Alabama,North Carolina,Maine,Virginia,Minnesota,Ohio,Massachusetts,Indiana,New Hampshire,California,Connecticut,Arizona,Florida,New Jersey,Missouri,Michigan,New York,Pennsylvania,Rhode Island,Nebraska,Hawaii,Kentucky,Maryland,Georgia,Washington,Colorado,Louisiana,Vermont,,,,,,,,,,,,,
Illinois,Massachusetts,Ohio,California,New York,North Carolina,Connecticut,Pennsylvania,Iowa,Kentucky,New Jersey,Minnesota,Delaware,Florida,Texas,Virginia,Colorado,West Virginia,New Hampshire,Georgia,South Carolina,Alaska,Rhode Island,Nevada,Wisconsin,Washington,Maine,Arizona,Michigan,,,,,,,,,,,,,,
New Jersey,Indiana,California,New York,Connecticut,Massachusetts,South Dakota,Minnesota,Michigan,Maryland,Illinois,Florida,Iowa,Oklahoma,Ohio,Georgia,Maine,Rhode Island,North Carolina,Vermont,Tennessee,Wisconsin,Arizona,Texas,Colorado,Pennsylvania,Oregon,Kentucky,,,,,,,,,,,,,,,
Florida,Colorado,Alabama,Illinois,New Jersey,Massachusetts,New Hampshire,Nevada,Pennsylvania,District of Columbia,Iowa,Oregon,Kentucky,Georgia,California,New York,Indiana,Tennessee,Rhode Island,Connecticut,Ohio,Texas,Missouri,Idaho,Washington,Minnesota,Virginia,Arkansas,,,,,,,,,,,,,,,
Michigan,New Jersey,California,Indiana,Ohio,Connecticut,New York,Illinois,New Hampshire,Washington,Vermont,Maryland,Kansas,Massachusetts,Wisconsin,Iowa,Colorado,North Carolina,Florida,Arkansas,Minnesota,Alabama,Oregon,Pennsylvania,Missouri,Tennessee,Georgia,North Carolina,,,,,,,,,,,,,,,
Texas,Illinois,Florida,California,Iowa,Colorado,Vermont,Massachusetts,Nevada,New Jersey,Michigan,New York,Virginia,Connecticut,Indiana,New Hampshire,Oregon,Kansas,Washington,New Mexico,Georgia,Minnesota,Ohio,Idaho,Pennsylvania,District of Columbia,Wisconsin,West Virginia,Kentucky,Missouri,Tennessee,,,,,,,,,,,,
Texas,New York,Illinois,Minnesota,Louisiana,California,Missouri,Iowa,Massachusetts,Maine,New Jersey,Connecticut,Wyoming,Colorado,Pennsylvania,Virginia,Alabama,Florida,Arizona,South Carolina,Wisconsin,Indiana,Oregon,Kentucky,Michigan,District of Columbia,Nebraska,Ohio,Washington,Maryland,Rhode Island,,,,,,,,,,,,
Iowa,Virginia,North Carolina,District of Columbia,Massachusetts,Illinois,New York,New Jersey,Kentucky,California,Pennsylvania,Ohio,Nebraska,Tennessee,Minnesota,Indiana,New Hampshire,Connecticut,Nevada,North Dakota,South Carolina,Maryland,Wisconsin,Texas,Alabama,Kansas,Arizona,Missouri,Vermont,Colorado,,,,,,,,,,,,,
California,Ohio,Virginia,Pennsylvania,New Jersey,North Carolina,Connecticut,New York,Colorado,Florida,Michigan,Minnesota,Massachusetts,Mississippi,Tennessee,Delaware,Kentucky,Illinois,Missouri,Texas,Washington,North Dakota,Rhode Island,Wisconsin,Georgia,Iowa,Maine,West Virginia,Wyoming,,,,,,,,,,,,,,
Iowa,New York,Texas,Indiana,Pennsylvania,North Carolina,South Carolina,California,Massachusetts,Georgia,New Jersey,Washington,Virginia,Maine,Minnesota,Wisconsin,Michigan,Rhode Island,New Mexico,Ohio,North Dakota,Vermont,Connecticut,Oregon,Illinois,New Hampshire,Maryland,Colorado,Alabama,Nebraska,Tennessee,Idaho,Arizona,,,,,,,,,,
Massachusetts,Ohio,Indiana,New Jersey,New York,Rhode Island,California,Wisconsin,Georgia,Connecticut,Nebraska,North Carolina,Illinois,Washington,Vermont,Michigan,Pennsylvania,Florida,New Hampshire,Oregon,Louisiana,Texas,Missouri,South Carolina,Virginia,Idaho,Kentucky,Indiana,,,,,,,,,,,,,,,
Illinois,Massachusetts,Colorado,Minnesota,California,Pennsylvania,Ohio,Virginia,Vermont,Rhode Island,Nevada,Missouri,North Carolina,New York,New Jersey,Iowa,New Mexico,New Hampshire,Florida,Idaho,Maryland,Michigan,Oregon,West Virginia,Maine,Mississippi,Montana,Connecticut,Wisconsin,Texas,Indiana,Tennessee,Georgia,,,,,,,,,,
Georgia,California,Illinois,District of Columbia,Massachusetts,Maryland,Nebraska,Missouri,Pennsylvania,Kentucky,New York,Iowa,Ohio,Colorado,Connecticut,Texas,Arkansas,Wisconsin,Virginia,Nevada,Oregon,Washington,Michigan,New Jersey,Montana,Minnesota,North Carolina,Maine,Florida,Rhode Island,Louisiana,,,,,,,,,,,,
Virginia,Illinois,Florida,Missouri,North Carolina,California,Massachusetts,Connecticut,Maryland,Utah,Washington,Wisconsin,New Jersey,New York,Minnesota,Pennsylvania,New Hampshire,Colorado,Michigan,Georgia,Tennessee,Ohio,Oregon,Rhode Island,Mississippi,Texas,Indiana,Kentucky,Nebraska,,,,,,,,,,,,,,
Pennsylvania,Indiana,Michigan,Texas,New Jersey,New York,Oregon,Massachusetts,Illinois,Vermont,Washington,Minnesota,Kentucky,Nebraska,Tennessee,California,Virginia,Ohio,Maryland,Maine,New Hampshire,Missouri,Rhode Island,Connecticut,Arkansas,Colorado,Florida,Wisconsin,North Dakota,Georgia,Maine,,,,,,,,,,,,
Iowa,North Dakota,Massachusetts,Missouri,New York,New Hampshire,Nebraska,Illinois,New Jersey,Michigan,Texas,California,Wisconsin,District of Columbia,Virginia,Rhode Island,Pennsylvania,Connecticut,Ohio,West Virginia,Maryland,Oregon,Minnesota,Indiana,South Dakota,Vermont,Alabama,Florida,Colorado,Louisiana,Nebraska,Georgia,Oklahoma,,,,,,,,,,
Nevada,Florida,Pennsylvania,Missouri,California,Georgia,Massachusetts,Connecticut,Iowa,Idaho,North Carolina,New York,Ohio,Virginia,Minnesota,Maine,Oregon,Illinois,Mississippi,Texas,Wisconsin,District of Columbia,Michigan,New Mexico,Maryland,Arizona,Colorado,Kentucky,South Dakota,Arkansas,New Jersey,Washington,,,,,,,,,,,
Texas,Indiana,Michigan,Massachusetts,Georgia,Missouri,New York,Arizona,Connecticut,Tennessee,Vermont,Illinois,Minnesota,Virginia,Colorado,Pennsylvania,Maryland,Wyoming,California,Nebraska,Ohio,Oregon,Kentucky,Oklahoma,Florida,New Jersey,North Carolina,Iowa,,,,,,,,,,,,,,,
Colorado,New York,Alabama,Massachusetts,Pennsylvania,Florida,Connecticut,California,Virginia,Texas,Ohio,North Dakota,Mississippi,Arizona,Missouri,Illinois,Vermont,Rhode Island,Indiana,New Hampshire,Delaware,Maine,Michigan,South Carolina,Iowa,Maryland,Minnesota,Kansas,District of Columbia,Tennessee,,,,,,,,,,,,,
Florida,Ohio,Pennsylvania,Indiana,Massachusetts,Illinois,Arkansas,Minnesota,Maryland,California,Tennessee,Missouri,New York,Iowa,Georgia,Texas,New Jersey,Kentucky,Washington,Oregon,Rhode Island,Connecticut,North Carolina,Nebraska,Delaware,Michigan,Arizona,South Dakota,,,,,,,,,,,,,,,
Illinois,Minnesota,New Jersey,Colorado,Massachusetts,California,Indiana,New York,Wisconsin,Michigan,Connecticut,Maine,Virginia,Florida,Texas,New Mexico,Pennsylvania,Ohio,Maryland,South Carolina,Georgia,Arizona,North Dakota,Idaho,New Hampshire,Washington,District of Columbia,,,,,,,,,,,,,,,,
Florida,California,Missouri,New Jersey,Maryland,Colorado,Tennessee,New York,Minnesota,Massachusetts,Illinois,Arkansas,Texas,Indiana,Virginia,Rhode Island,Idaho,Arizona,Wisconsin,Nebraska,Kansas,Iowa,Ohio,Pennsylvania,Oregon,Connecticut,District of Columbia,Louisiana,Michigan,,,,,,,,,,,,,,
Minnesota,New Jersey,New Mexico,Pennsylvania,Massachusetts,District of Columbia,Texas,California,New York,Kentucky,North Carolina,Illinois,Missouri,Florida,Indiana,Arkansas,New Hampshire,Tennessee,Washington,Wisconsin,Arizona,Georgia,Ohio,Iowa,Virginia,Connecticut,South Carolina,Oregon,,,,,,,,,,,,,,,
New York,Illinois,Missouri,Massachusetts,Florida,Rhode Island,California,New Jersey,North Dakota,Tennessee,Kentucky,Alabama,Indiana,Texas,Ohio,New Hampshire,Wisconsin,Maryland,Nebraska,Pennsylvania,Michigan,Minnesota,,,,,,,,,,,,,,,,,,,,,
New York,Pennsylvania,California,Washington,Massachusetts,Iowa,Connecticut,Indiana,Michigan,Ohio,Oregon,New Jersey,Vermont,Virginia,Florida,Kentucky,Missouri,Illinois,New Hampshire,Arizona,North Carolina,Georgia,Minnesota,Maryland,Colorado,,,,,,,,,,,,,,,,,,
Missouri,California,Texas,New Jersey,Illinois,Massachusetts,North Carolina,Montana,Ohio,Wisconsin,Arizona,New York,Connecticut,Florida,Vermont,Michigan,Oregon,Pennsylvania,Iowa,Washington,Alaska,Maryland,Tennessee,Virginia,New Hampshire,Kentucky,Delaware,North Dakota,,,,,,,,,,,,,,,
Illinois,New Jersey,California,Massachusetts,Wisconsin,Missouri,New York,Michigan,Iowa,Vermont,Delaware,Connecticut,Colorado,North Carolina,Ohio,Kentucky,Minnesota,Texas,Virginia,Pennsylvania,Rhode Island,Louisiana,,,,,,,,,,,,,,,,,,,,,
New Jersey,Illinois,Vermont,Maryland,California,Minnesota,Massachusetts,North Dakota,Idaho,Virginia,Ohio,Washington,Tennessee,Florida,Oregon,New York,Indiana,North Carolina,Pennsylvania,District of Columbia,New Hampshire,South Carolina,Texas,Georgia,Rhode Island,Mississippi,Missouri,Connecticut,Wisconsin,New Mexico,,,,,,,,,,,,,
Pennsylvania,Illinois,Maryland,New Jersey,Connecticut,Iowa,Massachusetts,Tennessee,Vermont,Ohio,New York,California,West Virginia,Colorado,Kansas,Texas,Maine,South Carolina,North Carolina,Florida,Michigan,Minnesota,Missouri,Louisiana,Kentucky,Alabama,Oklahoma,,,,,,,,,,,,,,,,
Illinois,Florida,Colorado,Pennsylvania,Massachusetts,South Dakota,New Jersey,Connecticut,Georgia,Minnesota,Wisconsin,Virginia,North Carolina,Vermont,Washington,Oregon,California,New Mexico,Missouri,New York,Tennessee,Kentucky,Rhode Island,Indiana,Ohio,Maryland,South Carolina,Texas,Iowa,New Hampshire,,,,,,,,,,,,,
Illinois,California,Massachusetts,New York,Texas,Nebraska,Alabama,Wisconsin,Michigan,Ohio,Vermont,Iowa,Georgia,Rhode Island,Virginia,Kentucky,Indiana,North Carolina,New Jersey,Oregon,Florida,Maryland,Minnesota,Washington,,,,,,,,,,,,,,,,,,,
Nevada,North Carolina,Louisiana,Pennsylvania,Massachusetts,Connecticut,Minnesota,Texas,Ohio,South Dakota,California,Michigan,Indiana,Hawaii,Illinois,Virginia,New York,Vermont,Arizona,New Hampshire,Wisconsin,Florida,Tennessee,New Mexico,Colorado,New Jersey,Missouri,Kansas,Iowa,Georgia,Mississippi,Nebraska,,,,,,,,,,,
Illinois,Georgia,New Jersey,Massachusetts,Texas,Ohio,Iowa,Washington,Virginia,Vermont,Louisiana,Rhode Island,Oregon,Maryland,New Hampshire,California,Indiana,Wisconsin,South Carolina,North Carolina,Missouri,Florida,New York,Michigan,Colorado,Minnesota,West Virginia,Pennsylvania,Mississippi,Oklahoma,,,,,,,,,,,,,
Indiana,Minnesota,New York,New Jersey,Rhode Island,Massachusetts,Iowa,Tennessee,California,Maryland,Florida,Delaware,New Hampshire,Illinois,Ohio,Texas,Pennsylvania,Georgia,Missouri,Colorado,Virginia,North Carolina,Connecticut,,,,,,,,,,,,,,,,,,,,
Illinois,Missouri,Massachusetts,New York,Connecticut,South Carolina,Georgia,California,Virginia,Minnesota,Pennsylvania,New Jersey,Ohio,Rhode Island,Maine,Montana,Nebraska,Texas,North Carolina,Florida,Idaho,Louisiana,Kentucky,Nevada,,,,,,,,,,,,,,,,,,,
Illinois,Georgia,Indiana,Pennsylvania,Minnesota,New Jersey,New York,New Hampshire,Vermont,Texas,California,Massachusetts,Connecticut,Michigan,Virginia,Ohio,North Carolina,Rhode Island,Florida,Arizona,Tennessee,Kentucky,,,,,,,,,,,,,,,,,,,,,
Colorado,Georgia,District of Columbia,Massachusetts,New York,New Jersey,Texas,Washington,Connecticut,New Hampshire,Ohio,Iowa,Pennsylvania,Illinois,Virginia,Oregon,Indiana,Montana,Kentucky,Michigan,California,Rhode Island,Florida,New Mexico,North Carolina,Arizona,,,,,,,,,,,,,,,,,
South Carolina,New Hampshire,Texas,Pennsylvania,Massachusetts,Rhode Island,Virginia,California,Illinois,Oregon,District of Columbia,Wisconsin,Michigan,Vermont,Washington,New York,Colorado,Minnesota,Tennessee,North Carolina,New Jersey,Maryland,Delaware,Alaska,Ohio,Georgia,Connecticut,Florida,Oklahoma,Indiana,Louisiana,,,,,,,,,,,,
Texas,Colorado,District of Columbia,Michigan,New Jersey,Iowa,California,Connecticut,Florida,Illinois,Nevada,North Carolina,Wisconsin,Pennsylvania,Massachusetts,Arizona,Virginia,New York,Rhode Island,West Virginia,Georgia,Indiana,South Carolina,Minnesota,,,,,,,,,,,,,,,,,,,
Illinois,District of Columbia,Connecticut,New Hampshire,Massachusetts,Colorado,New York,Texas,Nevada,Florida,Wisconsin,Ohio,Maryland,California,North Carolina,Minnesota,Iowa,Missouri,Pennsylvania,New Jersey,Alabama,Arizona,Louisiana,,,,,,,,,,,,,,,,,,,,
Texas,Kentucky,California,Vermont,Massachusetts,Illinois,New York,New Jersey,Wyoming,Connecticut,Colorado,Maryland,Pennsylvania,Oregon,Virginia,North Carolina,Indiana,Wisconsin,Washington,New Hampshire,Michigan,Tennessee,New Mexico,,,,,,,,,,,,,,,,,,,,
New Jersey,North Carolina,Tennessee,Georgia,Vermont,Massachusetts,Illinois,Pennsylvania,California,Colorado,Kentucky,Virginia,New Hampshire,Iowa,Maryland,Rhode Island,Indiana,Alaska,Minnesota,Texas,Florida,Missouri,Washington,New York,Ohio,,,,,,,,,,,,,,,,,,
Illinois,Kentucky,Connecticut,New Jersey,Massachusetts,North Carolina,Florida,Idaho,Michigan,New York,California,South Carolina,Rhode Island,Indiana,Pennsylvania,Washington,Oregon,Tennessee,Ohio,Vermont,District of Columbia,Minnesota,Colorado,Texas,,,,,,,,,,,,,,,,,,,
Pennsylvania,New Hampshire,Illinois,Nebraska,New York,Maryland,California,Idaho,Kentucky,Oregon,Massachusetts,Virginia,Texas,Colorado,Connecticut,Minnesota,Florida,Washington,Vermont,Georgia,Mississippi,Missouri,Wisconsin,,,,,,,,,,,,,,,,,,,,
Texas,Nevada,Washington,Massachusetts,Georgia,Rhode Island,California,Wisconsin,South Carolina,New York,Vermont,Minnesota,Illinois,New Hampshire,Florida,Pennsylvania,Ohio,North Carolina,Michigan,Kentucky,Iowa,Connecticut,Maine,New Jersey,Virginia,,,,,,,,,,,,,,,,,,
Florida,Georgia,Arizona,Ohio,California,New York,Massachusetts,Missouri,Pennsylvania,Idaho,Texas,New Hampshire,Illinois,Washington,District of Columbia,Alaska,Arkansas,New Mexico,Kentucky,Tennessee,Virginia,Michigan,Maryland,Maine,New Jersey,,,,,,,,,,,,,,,,,,
Ohio,North Carolina,Missouri,Florida,Alabama,Rhode Island,New York,New Hampshire,Mississippi,Colorado,Illinois,Texas,Tennessee,Massachusetts,California,Oregon,Maine,Pennsylvania,Maryland,Connecticut,Arizona,District of Columbia,Idaho,Minnesota,,,,,,,,,,,,,,,,,,,
Michigan,Illinois,Missouri,Connecticut,Ohio,New Jersey,Massachusetts,North Carolina,Wisconsin,Arizona,Virginia,Florida,New York,California,Pennsylvania,Minnesota,Washington,Maryland,Kansas,Iowa,Louisiana,,,,,,,,,,,,,,,,,,,,,,
Illinois,Massachusetts,New York,Florida,Wisconsin,Texas,Connecticut,Vermont,California,Michigan,Pennsylvania,New Jersey,Maine,New Hampshire,Minnesota,Indiana,Virginia,District of Columbia,South Carolina,Arizona,Rhode Island,Iowa,Nevada,,,,,,,,,,,,,,,,,,,,
Georgia,Pennsylvania,Massachusetts,California,New Jersey,Vermont,Illinois,Maine,Connecticut,Florida,Indiana,New York,Maryland,Wisconsin,Missouri,Virginia,Nevada,Kentucky,Minnesota,Colorado,Mississippi,South Dakota,Texas,Kansas,,,,,,,,,,,,,,,,,,,
Illinois,Massachusetts,New York,Connecticut,Georgia,California,Montana,New Jersey,Virginia,Iowa,New Mexico,Indiana,Pennsylvania,Ohio,Texas,Michigan,North Carolina,Tennessee,Minnesota,Oregon,Louisiana,,,,,,,,,,,,,,,,,,,,,,
Missouri,Iowa,Rhode Island,Connecticut,Arizona,New York,Pennsylvania,Vermont,Illinois,Wisconsin,Oregon,Texas,Indiana,Massachusetts,Virginia,California,Minnesota,Colorado,Florida,New Jersey,Wyoming,,,,,,,,,,,,,,,,,,,,,,
Illinois,New York,Michigan,California,New Hampshire,New Jersey,Wisconsin,Virginia,Florida,Pennsylvania,Massachusetts,Georgia,Arizona,Kentucky,Nebraska,Ohio,Mississippi,Nevada,Texas,District of Columbia,Rhode Island,Colorado,North Carolina,Connecticut,,,,,,,,,,,,,,,,,,,
Illinois,Rhode Island,Massachusetts,Connecticut,Wisconsin,New Hampshire,Virginia,California,Vermont,Ohio,Minnesota,West Virginia,Iowa,Louisiana,Maine,Pennsylvania,New York,New Jersey,Arizona,North Carolina,Georgia,Maryland,South Carolina,Texas,,,,,,,,,,,,,,,,,,,
Washington,New York,California,New Jersey,Minnesota,South Carolina,Massachusetts,Georgia,Illinois,Indiana,North Carolina,Wisconsin,Ohio,Michigan,Kentucky,District of Columbia,Texas,Connecticut,Idaho,Alabama,Florida,Virginia,,,,,,,,,,,,,,,,,,,,,
New York,California,Illinois,Pennsylvania,South Carolina,Ohio,Vermont,Connecticut,Texas,Oklahoma,Florida,Iowa,Massachusetts,Alabama,Colorado,Missouri,Rhode Island,Arizona,Maine,Virginia,,,,,,,,,,,,,,,,,,,,,,,
Massachusetts,New Jersey,New Mexico,Washington,Rhode Island,Virginia,California,Minnesota,Oklahoma,District of Columbia,Michigan,Illinois,Delaware,Maine,Ohio,Tennessee,Texas,Nevada,Pennsylvania,Wisconsin,Maryland,Florida,,,,,,,,,,,,,,,,,,,,,
Pennsylvania,California,Connecticut,Illinois,Texas,New York,Colorado,Michigan,Virginia,Massachusetts,Georgia,Rhode Island,Ohio,Florida,Nevada,Minnesota,Washington,District of Columbia,South Carolina,Kentucky,Iowa,Maryland,,,,,,,,,,,,,,,,,,,,,
Illinois,Pennsylvania,Idaho,Massachusetts,Rhode Island,New York,Ohio,Virginia,Arizona,Florida,Wisconsin,New Jersey,North Carolina,South Carolina,South Dakota,Tennessee,Maryland,California,Connecticut,Texas,Iowa,Mississippi,,,,,,,,,,,,,,,,,,,,,
New York,California,Pennsylvania,Illinois,Vermont,Indiana,Massachusetts,Kentucky,South Carolina,Maine,Tennessee,Ohio,Virginia,Florida,New Jersey,Texas,Colorado,Minnesota,Missouri,New Mexico,Wisconsin,Michigan,,,,,,,,,,,,,,,,,,,,,
Ohio,Massachusetts,California,New Hampshire,New Jersey,Texas,Pennsylvania,Nevada,Florida,Illinois,Indiana,Maryland,Tennessee,New York,North Carolina,Iowa,District of Columbia,Colorado,Vermont,Minnesota,Connecticut,Mississippi,South Carolina,Oklahoma,Virginia,Washington,,,,,,,,,,,,,,,,,
Colorado,Connecticut,Illinois,Massachusetts,New York,Ohio,Virginia,Nevada,Maryland,Delaware,Wisconsin,Texas,Pennsylvania,California,Maine,New Jersey,Alabama,North Carolina,New Hampshire,,,,,,,,,,,,,,,,,,,,,,,,
Massachusetts,Minnesota,Michigan,District of Columbia,New York,Vermont,Washington,Indiana,Colorado,Wisconsin,Missouri,Virginia,Texas,Florida,New Jersey,Tennessee,Delaware,Illinois,North Carolina,New Hampshire,Connecticut,South Dakota,Arkansas,California,Louisiana,,,,,,,,,,,,,,,,,,
Georgia,Texas,New York,Massachusetts,Ohio,Washington,California,District of Columbia,Pennsylvania,Wisconsin,Minnesota,Vermont,Florida,Illinois,New Mexico,Nevada,Connecticut,Rhode Island,Maryland,Louisiana,Michigan,,,,,,,,,,,,,,,,,,,,,,
Wisconsin,New York,Texas,Massachusetts,Connecticut,Florida,Illinois,California,Virginia,Washington,Indiana,Georgia,Ohio,Oregon,Pennsylvania,Michigan,Tennessee,Louisiana,,,,,,,,,,,,,,,,,,,,,,,,,
Illinois,Tennessee,Massachusetts,Vermont,New York,Kentucky,California,Texas,Pennsylvania,North Dakota,Virginia,Louisiana,Maine,Minnesota,District of Columbia,South Carolina,Ohio,Maryland,Rhode Island,New Hampshire,West Virginia,Connecticut,Idaho,,,,,,,,,,,,,,,,,,,,
Nevada,Virginia,Massachusetts,New York,Connecticut,Texas,California,Arizona,Illinois,Ohio,Pennsylvania,Florida,Tennessee,Rhode Island,Wisconsin,Maryland,South Carolina,Missouri,South Dakota,Michigan,Alaska,Colorado,New Jersey,Louisiana,Minnesota,Iowa,,,,,,,,,,,,,,,,,
California,Connecticut,New York,Massachusetts,Pennsylvania,Virginia,Iowa,Alabama,Colorado,Florida,Oregon,Nebraska,Illinois,Texas,North Carolina,Missouri,Louisiana,Michigan,,,,,,,,,,,,,,,,,,,,,,,,,
New York,New Jersey,Massachusetts,Connecticut,Florida,Virginia,Maryland,Tennessee,Illinois,Michigan,Indiana,Arizona,Georgia,Pennsylvania,California,Wisconsin,South Carolina,Colorado,Kentucky,North Carolina,Vermont,New Hampshire,,,,,,,,,,,,,,,,,,,,,
Pennsylvania,New York,Massachusetts,Ohio,Vermont,California,Colorado,Illinois,Wisconsin,Michigan,Texas,Florida,Iowa,Tennessee,Minnesota,Hawaii,Arizona,Maine,New Hampshire,Kentucky,Virginia,,,,,,,,,,,,,,,,,,,,,,
New York,Iowa,Rhode Island,Vermont,Illinois,California,Pennsylvania,Massachusetts,Michigan,Connecticut,New Jersey,Ohio,Nevada,Colorado,Virginia,Idaho,Arizona,Texas,Kentucky,Louisiana,,,,,,,,,,,,,,,,,,,,,,,
Texas,Virginia,California,Massachusetts,Illinois,Oklahoma,Maryland,Ohio,Wisconsin,Florida,Georgia,Colorado,Utah,Missouri,Maine,New York,New Jersey,Indiana,Alabama,Wyoming,New Mexico,Connecticut,,,,,,,,,,,,,,,,,,,,,
Illinois,Massachusetts,Georgia,Connecticut,Nebraska,Minnesota,California,Colorado,Florida,Indiana,Missouri,Pennsylvania,New Jersey,North Carolina,North Dakota,Maryland,Ohio,Vermont,Idaho,Texas,Louisiana,Virginia,,,,,,,,,,,,,,,,,,,,,
Indiana,Tennessee,Connecticut,Rhode Island,New Jersey,Massachusetts,New York,Louisiana,Illinois,Florida,Minnesota,Wisconsin,Pennsylvania,Ohio,Texas,Arizona,Nebraska,North Carolina,California,Colorado,Arkansas,,,,,,,,,,,,,,,,,,,,,,
Indiana,Tennessee,Connecticut,Rhode Island,New Jersey,Massachusetts,New York,Louisiana,Illinois,Florida,Minnesota,Wisconsin,Pennsylvania,Ohio,Texas,Arizona,Nebraska,North Carolina,California,Colorado,Arkansas,,,,,,,,,,,,,,,,,,,,,,
Virginia,Ohio,Massachusetts,Iowa,Pennsylvania,Texas,Florida,Illinois,Colorado,New Jersey,North Dakota,Indiana,Minnesota,California,Maryland,New Hampshire,Rhode Island,North Carolina,Wisconsin,Michigan,Oklahoma,,,,,,,,,,,,,,,,,,,,,,
Florida,Kansas,Pennsylvania,New Jersey,New York,Massachusetts,Illinois,Minnesota,New Hampshire,Vermont,North Carolina,Texas,Georgia,Mississippi,Connecticut,Alabama,California,Ohio,Indiana,Iowa,,,,,,,,,,,,,,,,,,,,,,,
District of Columbia,New Hampshire,Connecticut,Massachusetts,New Jersey,Missouri,Pennsylvania,Indiana,Georgia,Illinois,New Mexico,Texas,Tennessee,Nevada,Michigan,Colorado,New York,California,Oregon,Virginia,,,,,,,,,,,,,,,,,,,,,,,
District of Columbia,Georgia,California,Missouri,Washington,North Carolina,Texas,Iowa,Illinois,Michigan,Pennsylvania,Arizona,New York,Alabama,Ohio,Connecticut,Massachusetts,Kentucky,Florida,South Carolina,,,,,,,,,,,,,,,,,,,,,,,
Ohio,Pennsylvania,New York,North Dakota,Wisconsin,California,Maine,Colorado,Oregon,Illinois,Indiana,New Jersey,Texas,Mississippi,Florida,Nebraska,Louisiana,Missouri,,,,,,,,,,,,,,,,,,,,,,,,,
Virginia,Tennessee,Ohio,New York,Massachusetts,Minnesota,North Carolina,Pennsylvania,Washington,Florida,Nebraska,Indiana,California,New Jersey,Louisiana,New Mexico,Nevada,Texas,Michigan,Connecticut,,,,,,,,,,,,,,,,,,,,,,,
Pennsylvania,Alabama,Illinois,Massachusetts,New York,Wisconsin,Connecticut,Texas,New Jersey,California,Ohio,Tennessee,Michigan,Florida,Indiana,Colorado,,,,,,,,,,,,,,,,,,,,,,,,,,,
Illinois,Connecticut,Massachusetts,New York,Pennsylvania,Mississippi,New Hampshire,Vermont,Missouri,District of Columbia,Ohio,Indiana,Georgia,Kentucky,Texas,California,Kansas,North Carolina,,,,,,,,,,,,,,,,,,,,,,,,,
New York,Washington,California,North Carolina,Florida,Georgia,Maryland,Nebraska,District of Columbia,New Jersey,Colorado,Massachusetts,Wisconsin,Minnesota,Oregon,Pennsylvania,Texas,,,,,,,,,,,,,,,,,,,,,,,,,,
Illinois,Pennsylvania,South Carolina,New York,Alaska,California,Texas,Virginia,Washington,Nebraska,Alabama,Vermont,Wisconsin,Iowa,North Carolina,Ohio,Maine,Colorado,,,,,,,,,,,,,,,,,,,,,,,,,
Illinois,Vermont,Pennsylvania,Connecticut,Kentucky,Florida,South Carolina,Wisconsin,New Jersey,California,Colorado,Virginia,Missouri,New York,Massachusetts,Texas,Michigan,Maryland,,,,,,,,,,,,,,,,,,,,,,,,,
Florida,New Hampshire,Missouri,New Jersey,Illinois,Wisconsin,Washington,California,New York,Ohio,Maryland,Michigan,South Dakota,Texas,Minnesota,District of Columbia,Iowa,,,,,,,,,,,,,,,,,,,,,,,,,,
Illinois,Ohio,New York,Virginia,Pennsylvania,Rhode Island,Oregon,Massachusetts,New Hampshire,North Carolina,California,Wisconsin,Nebraska,Michigan,Missouri,Indiana,Texas,New Jersey,Iowa,Vermont,Tennessee,Florida,,,,,,,,,,,,,,,,,,,,,
Iowa,California,Massachusetts,Texas,Ohio,New York,Illinois,Indiana,New Mexico,Maryland,Michigan,New Jersey,Florida,Connecticut,Wisconsin,Pennsylvania,Oregon,Minnesota,,,,,,,,,,,,,,,,,,,,,,,,,
Minnesota,Oregon,Connecticut,Virginia,Vermont,Texas,Indiana,New Jersey,Illinois,New York,Pennsylvania,Maryland,Iowa,Ohio,Wisconsin,California,Massachusetts,Arkansas,Michigan,,,,,,,,,,,,,,,,,,,,,,,,
Wisconsin,Nebraska,Colorado,Indiana,Oklahoma,Mississippi,Massachusetts,North Carolina,Illinois,Alabama,California,Washington,Pennsylvania,Nevada,Ohio,South Carolina,Georgia,Maryland,Florida,Missouri,North Dakota,Vermont,New York,,,,,,,,,,,,,,,,,,,,
Illinois,Connecticut,California,Maine,Oregon,Texas,Florida,Pennsylvania,Michigan,Maryland,Missouri,Massachusetts,Virginia,Ohio,Louisiana,South Carolina,New Jersey,,,,,,,,,,,,,,,,,,,,,,,,,,
Illinois,South Carolina,Tennessee,Washington,New Jersey,Texas,Pennsylvania,California,Massachusetts,Michigan,Connecticut,Iowa,Oklahoma,Idaho,North Carolina,Oregon,Wisconsin,Minnesota,,,,,,,,,,,,,,,,,,,,,,,,,
Ohio,Pennsylvania,Vermont,New York,Virginia,New Jersey,Florida,California,Kentucky,Oklahoma,Iowa,Maryland,Massachusetts,Michigan,Mississippi,Washington,Texas,Illinois,,,,,,,,,,,,,,,,,,,,,,,,,
Indiana,Missouri,New York,Arizona,Minnesota,Virginia,Pennsylvania,Montana,Illinois,Ohio,Tennessee,Wisconsin,New Jersey,Georgia,Nebraska,Colorado,Massachusetts,California,Texas,Kentucky,Florida,,,,,,,,,,,,,,,,,,,,,,
Indiana,Vermont,California,Ohio,New York,Colorado,New Jersey,Iowa,Illinois,Georgia,Arizona,Washington,Massachusetts,Kentucky,North Carolina,Connecticut,Minnesota,,,,,,,,,,,,,,,,,,,,,,,,,,
Indiana,Colorado,Oregon,Georgia,California,Illinois,Ohio,Kentucky,Pennsylvania,New Jersey,Maine,Florida,Connecticut,Texas,Rhode Island,Nebraska,Minnesota,Wisconsin,Alabama,,,,,,,,,,,,,,,,,,,,,,,,
Florida,Massachusetts,Kentucky,Wisconsin,California,District of Columbia,Maine,Arizona,Illinois,Michigan,Vermont,Nebraska,North Carolina,New York,New Jersey,Washington,Virginia,Connecticut,Colorado,Texas,Ohio,,,,,,,,,,,,,,,,,,,,,,
Kentucky,Illinois,Washington,Florida,Delaware,Massachusetts,New Hampshire,California,Pennsylvania,Georgia,New York,Wisconsin,Mississippi,Ohio,Alabama,Tennessee,Minnesota,Iowa,New Mexico,Texas,Indiana,,,,,,,,,,,,,,,,,,,,,,
Illinois,New York,California,Florida,Texas,Iowa,Delaware,New Hampshire,Pennsylvania,Massachusetts,Missouri,Colorado,Oregon,,,,,,,,,,,,,,,,,,,,,,,,,,,,,,
Florida,Idaho,Massachusetts,Montana,California,Indiana,South Carolina,Ohio,Minnesota,Maryland,North Carolina,Maine,Michigan,New Jersey,Virginia,Texas,New York,,,,,,,,,,,,,,,,,,,,,,,,,,
Ohio,Illinois,Vermont,Minnesota,New York,Massachusetts,Oklahoma,California,Colorado,Virginia,North Carolina,New Jersey,Pennsylvania,Florida,Oregon,,,,,,,,,,,,,,,,,,,,,,,,,,,,
Pennsylvania,Michigan,California,Illinois,Virginia,Idaho,Arkansas,Florida,District of Columbia,New York,Texas,Massachusetts,Vermont,Ohio,Indiana,Missouri,,,,,,,,,,,,,,,,,,,,,,,,,,,
Maryland,Virginia,Vermont,Massachusetts,Maine,California,Kentucky,Iowa,New York,Michigan,Rhode Island,Florida,Minnesota,Texas,Wisconsin,Delaware,Illinois,Colorado,,,,,,,,,,,,,,,,,,,,,,,,,
Michigan,New York,New Mexico,Minnesota,Pennsylvania,Iowa,Massachusetts,Kentucky,Vermont,Maryland,Washington,South Dakota,Illinois,Connecticut,Virginia,North Carolina,Florida,California,Texas,Ohio,,,,,,,,,,,,,,,,,,,,,,,
New York,Illinois,Minnesota,Florida,Massachusetts,Maryland,California,Oregon,Michigan,District of Columbia,Texas,Vermont,,,,,,,,,,,,,,,,,,,,,,,,,,,,,,,
Idaho,Virginia,Minnesota,Iowa,Michigan,New York,Pennsylvania,Oregon,District of Columbia,Texas,Massachusetts,California,Colorado,New Hampshire,Kentucky,South Carolina,Connecticut,Missouri,,,,,,,,,,,,,,,,,,,,,,,,,
Indiana,Ohio,Pennsylvania,Minnesota,New York,Florida,California,Illinois,New Jersey,Wyoming,Michigan,Massachusetts,Rhode Island,Texas,Virginia,Colorado,Oklahoma,,,,,,,,,,,,,,,,,,,,,,,,,,
Indiana,Massachusetts,Missouri,Maine,Maryland,California,Illinois,Ohio,Connecticut,Tennessee,Wisconsin,Alabama,New Jersey,Nevada,Florida,Georgia,Virginia,Pennsylvania,,,,,,,,,,,,,,,,,,,,,,,,,
New York,Massachusetts,Maryland,Virginia,Illinois,Wisconsin,Arizona,Indiana,Minnesota,Connecticut,Florida,Washington,California,Texas,Pennsylvania,,,,,,,,,,,,,,,,,,,,,,,,,,,,
Indiana,Pennsylvania,Tennessee,Kentucky,California,Illinois,Alabama,Vermont,Colorado,Massachusetts,Washington,North Carolina,New York,Iowa,New Jersey,,,,,,,,,,,,,,,,,,,,,,,,,,,,
Illinois,Florida,New York,Virginia,Alabama,California,Delaware,Kentucky,Tennessee,Oregon,Maryland,Iowa,West Virginia,Colorado,Maine,Ohio,,,,,,,,,,,,,,,,,,,,,,,,,,,
Indiana,Virginia,Vermont,Washington,Pennsylvania,Maine,Massachusetts,California,Illinois,Connecticut,Mississippi,Rhode Island,Minnesota,Iowa,Texas,New Jersey,,,,,,,,,,,,,,,,,,,,,,,,,,,
South Carolina,Illinois,Massachusetts,Texas,California,Florida,New Jersey,New York,New Hampshire,Minnesota,Ohio,Georgia,,,,,,,,,,,,,,,,,,,,,,,,,,,,,,,
New York,Massachusetts,Louisiana,California,Washington,Missouri,South Carolina,Pennsylvania,New Jersey,Colorado,Texas,Virginia,North Carolina,Ohio,Florida,,,,,,,,,,,,,,,,,,,,,,,,,,,,
California,New York,Virginia,Michigan,Texas,Colorado,Nebraska,Illinois,Oregon,Montana,Minnesota,Massachusetts,Wisconsin,Florida,New Mexico,South Carolina,Georgia,,,,,,,,,,,,,,,,,,,,,,,,,,
Ohio,Rhode Island,Pennsylvania,Oregon,Michigan,Florida,Illinois,New York,Colorado,Vermont,Oklahoma,California,Washington,Wisconsin,Kentucky,Massachusetts,Connecticut,,,,,,,,,,,,,,,,,,,,,,,,,,
Ohio,Massachusetts,Rhode Island,Indiana,California,Pennsylvania,Michigan,Vermont,Washington,Texas,Minnesota,Wisconsin,District of Columbia,Virginia,Missouri,South Carolina,Oregon,Maryland,,,,,,,,,,,,,,,,,,,,,,,,,
District of Columbia,Vermont,Ohio,Texas,Michigan,Illinois,New York,Alabama,Pennsylvania,Virginia,California,Kentucky,Minnesota,New Jersey,Rhode Island,,,,,,,,,,,,,,,,,,,,,,,,,,,,
Minnesota,Tennessee,Massachusetts,California,Maryland,Illinois,Pennsylvania,New Jersey,Virginia,Kentucky,Washington,District of Columbia,Florida,New York,Connecticut,,,,,,,,,,,,,,,,,,,,,,,,,,,,
Indiana,Massachusetts,Iowa,Illinois,Virginia,Texas,California,South Carolina,Connecticut,Oregon,Minnesota,New Jersey,Alabama,New Mexico,Arkansas,Pennsylvania,North Carolina,,,,,,,,,,,,,,,,,,,,,,,,,,
Maryland,California,Illinois,Florida,North Carolina,Indiana,Ohio,Nebraska,Wisconsin,Tennessee,Massachusetts,Virginia,Texas,Kentucky,,,,,,,,,,,,,,,,,,,,,,,,,,,,,
Maryland,California,District of Columbia,Illinois,Colorado,North Carolina,Texas,Ohio,Florida,Wyoming,Georgia,Pennsylvania,Rhode Island,Virginia,Michigan,,,,,,,,,,,,,,,,,,,,,,,,,,,,
Illinois,Georgia,Tennessee,Massachusetts,Virginia,New York,California,New Hampshire,Pennsylvania,Kentucky,Maryland,Wisconsin,Louisiana,South Carolina,Michigan,,,,,,,,,,,,,,,,,,,,,,,,,,,,
Michigan,Pennsylvania,New York,North Carolina,Vermont,Illinois,Arizona,New Jersey,Texas,District of Columbia,Oregon,Virginia,Rhode Island,Missouri,Georgia,,,,,,,,,,,,,,,,,,,,,,,,,,,,
Pennsylvania,Massachusetts,Maryland,Texas,Alabama,Illinois,California,New York,Virginia,Vermont,Tennessee,Connecticut,Michigan,Wisconsin,Oregon,District of Columbia,,,,,,,,,,,,,,,,,,,,,,,,,,,
Indiana,Massachusetts,New York,Wisconsin,California,Maryland,Illinois,Virginia,Arizona,Pennsylvania,North Carolina,Oregon,Florida,New Jersey,South Carolina,,,,,,,,,,,,,,,,,,,,,,,,,,,,
Virginia,Connecticut,Pennsylvania,Colorado,New Mexico,Illinois,Missouri,New Hampshire,Georgia,Florida,Massachusetts,Minnesota,Kentucky,Michigan,North Carolina,Indiana,Nebraska,,,,,,,,,,,,,,,,,,,,,,,,,,
Minnesota,Connecticut,Arizona,Idaho,Tennessee,Washington,Florida,Maryland,Illinois,Virginia,Pennsylvania,Massachusetts,North Carolina,Texas,Michigan,,,,,,,,,,,,,,,,,,,,,,,,,,,,
Arizona,Minnesota,New York,Michigan,New Hampshire,Texas,California,Illinois,Massachusetts,Oregon,South Carolina,Florida,North Carolina,,,,,,,,,,,,,,,,,,,,,,,,,,,,,,
California,Alabama,Indiana,Virginia,Massachusetts,Illinois,Colorado,District of Columbia,Pennsylvania,Minnesota,New York,Ohio,Florida,New Jersey,,,,,,,,,,,,,,,,,,,,,,,,,,,,,
Ohio,Illinois,California,Connecticut,Pennsylvania,Iowa,North Carolina,Arizona,New Jersey,Georgia,Massachusetts,Colorado,Michigan,Minnesota,,,,,,,,,,,,,,,,,,,,,,,,,,,,,
Michigan,California,Illinois,Connecticut,Louisiana,Arkansas,Pennsylvania,Minnesota,New York,Florida,Massachusetts,,,,,,,,,,,,,,,,,,,,,,,,,,,,,,,,
California,Connecticut,Iowa,Illinois,Virginia,South Carolina,Wisconsin,Washington,Minnesota,Massachusetts,Ohio,Florida,Nebraska,Kentucky,New York,,,,,,,,,,,,,,,,,,,,,,,,,,,,
Arizona,Pennsylvania,Maryland,Virginia,Michigan,California,District of Columbia,Minnesota,Rhode Island,Washington,Colorado,Idaho,Massachusetts,New York,Kentucky,Florida,New Jersey,Indiana,,,,,,,,,,,,,,,,,,,,,,,,,
Massachusetts,Iowa,Missouri,California,North Carolina,New Jersey,New York,Texas,Colorado,New Hampshire,Pennsylvania,Wisconsin,South Carolina,Illinois,Oklahoma,Georgia,,,,,,,,,,,,,,,,,,,,,,,,,,,
Wisconsin,Utah,District of Columbia,Colorado,Illinois,Rhode Island,California,Florida,New York,Iowa,Kentucky,Pennsylvania,Indiana,Minnesota,Massachusetts,Ohio,,,,,,,,,,,,,,,,,,,,,,,,,,,
Washington,Louisiana,Illinois,Colorado,Virginia,Ohio,New York,New Jersey,New Hampshire,Wisconsin,California,Minnesota,North Carolina,Massachusetts,Oregon,Rhode Island,,,,,,,,,,,,,,,,,,,,,,,,,,,
California,Vermont,Oregon,Texas,Washington,New Jersey,Connecticut,Virginia,Illinois,Massachusetts,Pennsylvania,Iowa,New York,North Carolina,,,,,,,,,,,,,,,,,,,,,,,,,,,,,
Colorado,Massachusetts,Indiana,Illinois,Vermont,New Jersey,Missouri,California,North Carolina,Minnesota,Iowa,Texas,,,,,,,,,,,,,,,,,,,,,,,,,,,,,,,
Colorado,California,Minnesota,Florida,Tennessee,Michigan,Illinois,Massachusetts,New York,Pennsylvania,New Mexico,Arizona,Maryland,,,,,,,,,,,,,,,,,,,,,,,,,,,,,,
Massachusetts,Texas,Minnesota,Connecticut,California,New Jersey,Washington,Oklahoma,Indiana,New York,Iowa,Ohio,Florida,,,,,,,,,,,,,,,,,,,,,,,,,,,,,,
California,Pennsylvania,Idaho,Illinois,New York,North Carolina,Kentucky,Minnesota,Massachusetts,Vermont,Michigan,Alaska,,,,,,,,,,,,,,,,,,,,,,,,,,,,,,,
Washington,New York,Nevada,Minnesota,Pennsylvania,North Carolina,Virginia,Texas,Colorado,Florida,Illinois,Connecticut,Massachusetts,Idaho,New Jersey,,,,,,,,,,,,,,,,,,,,,,,,,,,,
Nebraska,New Hampshire,Illinois,New Jersey,California,Michigan,Washington,Rhode Island,New York,Virginia,Massachusetts,Nevada,Pennsylvania,Missouri,Ohio,,,,,,,,,,,,,,,,,,,,,,,,,,,,
Vermont,Maryland,Oregon,Pennsylvania,California,Missouri,New York,Minnesota,Illinois,District of Columbia,Rhode Island,Virginia,New Hampshire,Arizona,North Carolina,Maine,Massachusetts,,,,,,,,,,,,,,,,,,,,,,,,,,
Virginia,Pennsylvania,New Jersey,Connecticut,Ohio,Kentucky,New York,Michigan,Illinois,Florida,Massachusetts,Nebraska,,,,,,,,,,,,,,,,,,,,,,,,,,,,,,,
Connecticut,North Carolina,New Jersey,California,District of Columbia,Alabama,Pennsylvania,Rhode Island,Virginia,Illinois,North Dakota,Colorado,Tennessee,Oregon,Massachusetts,Nevada,Texas,,,,,,,,,,,,,,,,,,,,,,,,,,
Minnesota,California,Illinois,Delaware,Connecticut,Oregon,Massachusetts,North Carolina,Virginia,Florida,West Virginia,Tennessee,,,,,,,,,,,,,,,,,,,,,,,,,,,,,,,
Texas,New York,New Jersey,Illinois,Missouri,California,Alabama,Michigan,Minnesota,Indiana,North Carolina,New Hampshire,Wisconsin,Massachusetts,,,,,,,,,,,,,,,,,,,,,,,,,,,,,
